0,사회,서울 합동분향소에 6일간 추모객 11만여 명 다녀가,https://v.daum.net/v/20221105202846201
0,사회,"서울 합동분향소, 6일간 11만명 방문[이태원 핼러윈 참사]",https://v.daum.net/v/20221105202843200
0,사회,이태원 참사 서울분향소에 6일간 11만여명 발길,https://v.daum.net/v/20221105201742126
0,사회,"서울 합동분향소, 6일간 11만명이 찾았다[이태원 핼러윈 참사]",https://v.daum.net/v/20221105202843200
0,사회,'이태원 참사' 서울 합동분향소에 6일간 11만여명 다녀가,https://v.daum.net/v/20221105195823946
0,사회,[이태원 참사] 서울 합동분향소에 6일간 11만여명 발길,https://v.daum.net/v/20221105194619888
1,사회,"서울광장 분향소, ‘이태원 사고 사망자→참사 희생자’로 문구 변경",https://v.daum.net/v/20221105202142151
1,사회,피해 신고 15일까지로 연장...지하철역 안전인력 보강,https://v.daum.net/v/20221105181612144
1,사회,서울광장 분향소 현판 '이태원 참사 희생자'로 문구 변경,https://v.daum.net/v/20221105180402954
1,사회,"국가애도기간 마지막 날, 추모객들 발길…분향소 현판 문구 변경",https://v.daum.net/v/20221105175101703
1,사회,서울광장 분향소 문구 변경… ‘사고 사망자→참사 희생자’,https://v.daum.net/v/20221105173308334
1,사회,"서울시, 이태원 '사고 사망자' 아닌 '참사 희생자'로 변경",https://v.daum.net/v/20221105172701240
1,사회,서울광장 분향소 ‘사고 사망자→참사 희생자’로 변경,https://v.daum.net/v/20221105171312982
1,사회,"[이태원 참사] 서울광장 분향소 현판 문구, ‘참사 희생자’로 변경",https://v.daum.net/v/20221105165910741
1,사회,서울광장 합동분향소 현판 문구 '사고 사망자'→'참사 희생자',https://v.daum.net/v/20221105165803719
1,사회,[이태원 참사] 서울광장 분향소 '사고 사망자→참사 희생자'로 문구 변경(종합),https://v.daum.net/v/20221105163833390
1,사회,'이태원 참사' 피해 신고 15일까지 연장…분향소도 당분간 지속,https://v.daum.net/v/20221105151718183
1,사회,녹사평역 광장 합동분향소 12일까지 1주 연장 운영,https://v.daum.net/v/20221105150318904
1,사회,"[이태원 참사] 피해 신고 15일까지 접수…""합동 분향소 유지""",https://v.daum.net/v/20221105150134874
1,사회,‘이태원 참사’ 15일까지 피해 접수… “합동분향소도 유지” [이태원 핼러윈 참사],https://v.daum.net/v/20221105144322566
1,사회,'이태원 참사' 피해 신고 일주일 연장…합동분향소 운영 계속,https://v.daum.net/v/20221105144200545
1,사회,이태원 참사 피해 신고기간 1주일 연장… 15일까지로,https://v.daum.net/v/20221105143016378
1,사회,피해 신고 15일까지 연장…합동분향소 계속 운영[이태원 핼러윈 참사],https://v.daum.net/v/20221105142728327
1,사회,‘이태원 참사’ 피해 신고 기간 15일까지 연장… 분향소 운영도 당분간 지속,https://v.daum.net/v/20221105134712775
1,사회,합동분향소 당분간 유지..10일부터 지역축제 등 안전점검,https://v.daum.net/v/20221105132733640
1,사회,[이태원 참사] 피해 신고 15일까지 연장…합동분향소 계속 운영(종합),https://v.daum.net/v/20221105131848550
1,사회,"'이태원 참사' 15일까지 피해 접수…""합동분향소도 유지""(종합)",https://v.daum.net/v/20221105130626369
1,사회,[이태원 참사] 녹사평역 합동분향소 12일까지 연장 운영,https://v.daum.net/v/20221105125209247
1,사회,"'이태원 참사' 피해 신고, 15일까지로 연장…6개월간 의료비 지원",https://v.daum.net/v/20221105122713084
1,사회,'이태원 참사' 피해 신고 15일까지 일주일 연장,https://v.daum.net/v/20221105122444059
1,사회,"정부, '이태원 참사' 피해 신고 15일까지 한 주 연장",https://v.daum.net/v/20221105115902747
1,사회,‘이태원 참사’ 녹사평역 합동분향소 연장 운영… 12일까지,https://v.daum.net/v/20221105114842638
1,사회,[이태원 참사] 녹사평역 합동분향소 12일까지 일주일 연장운영,https://v.daum.net/v/20221105113906544
1,사회,"정부, '이태원 참사' 피해신고 기간 15일까지로 연장",https://v.daum.net/v/20221105113628515
1,사회,"정부, '이태원 참사' 피해 신고 기간 일주일 연장",https://v.daum.net/v/20221105113601506
1,사회,"[현장영상+] ""지하철 역사에 안전인력 보강...안전한 사회 만들 것""",https://v.daum.net/v/20221105112212317
1,사회,"정부, ‘이태원 참사’ 피해 신고 15일까지 연장",https://v.daum.net/v/20221105111553225
1,사회,이태원 참사 피해 신고 '15일까지'로 연장···지하철 혼잡도 개선 추진,https://v.daum.net/v/20221105111526222
1,사회,[이태원 참사] 피해 신고기간 일주일 연장해 '15일까지',https://v.daum.net/v/20221105111523221
1,사회,"정부, ‘이태원 참사’ 피해 신고 15일까지로 한 주 연장",https://v.daum.net/v/20221105110106047
1,사회,[이태원 참사] 피해 신고 '15일까지'로 연장…지하철역 안전인력 보강,https://v.daum.net/v/20221105110027038
1,사회,'이태원 참사' 피해자 신고 15일까지 연장…의료비 지원,https://v.daum.net/v/20221105110018026
1,사회,"정부, '이태원 참사' 미파악 부상자 신고기간 8일→15일로 연장",https://v.daum.net/v/20221105110004016
1,사회,'이태원 참사' 피해신고 15일까지 연장…서울 지하철역 혼잡 개선,https://v.daum.net/v/20221105110001007
2,사회,'이태원 참사 추모 촛불집회' 행진하는 춘천 시민들,https://v.daum.net/v/20221105201436113
2,사회,'이태원 참사 희생자 추모 촛불집회' 춘천서 열려,https://v.daum.net/v/20221105185953543
2,사회,반드시 밝혀줄게,https://v.daum.net/v/20221105185949542
2,사회,이태원 참사 희생자 추모하는 시민들,https://v.daum.net/v/20221105185926540
2,사회,'이태원 참사 희생자 추모 춘천 촛불집회',https://v.daum.net/v/20221105185627517
2,사회,눈물 흘리는 촛불집회 참가자,https://v.daum.net/v/20221105185614514
2,사회,'이태원 참사 희생자 추모 촛불집회' 춘천서 열러,https://v.daum.net/v/20221105185538509
3,사회,"[포토] '다시, 촛불'",https://v.daum.net/v/20221105200717068
3,사회,"[포토] ""참사 책임은 정부에""",https://v.daum.net/v/20221105200646062
3,사회,[포토] '윤석열은 퇴진하라',https://v.daum.net/v/20221105200612058
3,사회,[포토] 거리로 나온 촛불,https://v.daum.net/v/20221105200426042
3,사회,[포토] 희생자 추모 집회,https://v.daum.net/v/20221105200253036
3,사회,[포토] 촛불 물결 '도로 가득',https://v.daum.net/v/20221105190742635
3,사회,[포토] 눈물 흘리는 촛불집회 참가자,https://v.daum.net/v/20221105190644630
3,사회,[포토] 촛불 든 시민들,https://v.daum.net/v/20221105190532619
4,사회,시민들 조문 이어지는 합동분향소,https://v.daum.net/v/20221105194221876
4,사회,토요일 밤까지 합동분향소 찾은 시민들,https://v.daum.net/v/20221105194219875
4,사회,"애도기간 마지막날, 조문 이어지는 합동분향소",https://v.daum.net/v/20221105194218874
4,사회,"애도기간 마지막날, 밤 까지 조문 이어지는 합동분향소",https://v.daum.net/v/20221105194216873
4,사회,늦은시간까지 조문 이어지는 합동분향소,https://v.daum.net/v/20221105194213872
4,사회,밤에도 애도 이어지는 합동분향소,https://v.daum.net/v/20221105194210870
4,사회,늦은시간 합동분향소 찾은 시민들,https://v.daum.net/v/20221105194208868
4,사회,조문 이어지는 합동분향소,https://v.daum.net/v/20221105194207867
4,사회,밤까지 조문 이어지는 합동분향소,https://v.daum.net/v/20221105194205866
4,사회,운영 종료 앞두고 조문 이어지는 합동분향소,https://v.daum.net/v/20221105194159861
4,사회,"애도기간 마지막날, 늦은시간까지 조문 이어지는 합동분향소",https://v.daum.net/v/20221105194156860
4,사회,이태원 참사 희생자 합동분향소 찾은 가족,https://v.daum.net/v/20221105131433474
4,사회,'이태원 참사 희생자를 추모하며',https://v.daum.net/v/20221105131429472
4,사회,국화꽃 든 추모객,https://v.daum.net/v/20221105131426471
4,사회,"국가애도기간 마지막날, 이어지는 조문행렬",https://v.daum.net/v/20221105131423469
4,사회,주말 합동분향소 찾은 시민들,https://v.daum.net/v/20221105131421467
4,사회,합동분향소 찾은 시민들,https://v.daum.net/v/20221105131416465
4,사회,이어지는 조문행렬,https://v.daum.net/v/20221105131411462
4,사회,분향소에 헌화하는 시민,https://v.daum.net/v/20221105115831745
4,사회,딸들과 함께 조문하는 아버지,https://v.daum.net/v/20221105115827744
4,사회,'헌화',https://v.daum.net/v/20221105115825743
4,사회,애도기간 마지막 날에도 이어지는 조문행렬,https://v.daum.net/v/20221105115823741
4,사회,딸과 함께 합동분향소 찾은 가족,https://v.daum.net/v/20221105115820740
4,사회,휴일에도 조문 이어지는 합동분향소,https://v.daum.net/v/20221105115817739
4,사회,'편히 쉬세요',https://v.daum.net/v/20221105115811736
4,사회,헌화하는 시민,https://v.daum.net/v/20221105115807735
4,사회,'손에 국화 들고',https://v.daum.net/v/20221105115801731
4,사회,합동분향소 찾은 배달플랫폼 노동자들,https://v.daum.net/v/20221105115751729
4,사회,토요일에도 조문 이어지는 합동분향소,https://v.daum.net/v/20221105115743728
4,사회,헌화하는 시민들,https://v.daum.net/v/20221105115605710
4,사회,애도기간 마지막 날 조문하는 시민들,https://v.daum.net/v/20221105115603709
4,사회,헌화하는 배달플랫폼 노동자들,https://v.daum.net/v/20221105115558707
4,사회,주말에도 조문 이어지는 합동분향소,https://v.daum.net/v/20221105115554705
4,사회,'국화 들고',https://v.daum.net/v/20221105115552704
4,사회,합동분향소 찾아 조문하는 배달플랫폼 노동자들,https://v.daum.net/v/20221105115550703
4,사회,"애도기간 마지막 날, 조문 이어지는 합동분향소",https://v.daum.net/v/20221105115546701
4,사회,조문 발걸음 끊이지 않는 합동분향소,https://v.daum.net/v/20221105115544700
4,사회,애도기간 마지막 날까지 이어지는 조문,https://v.daum.net/v/20221105115539699
5,사회,제주서 열린 '이태원 참사' 촛불문화제,https://v.daum.net/v/20221105194100857
5,사회,'이태원 참사' 추모하는 시민들,https://v.daum.net/v/20221105194057855
5,사회,'이태원 참사' 추모하는 시민,https://v.daum.net/v/20221105194047852
5,사회,제주서 '이태원 참사' 추모하는 시민들,https://v.daum.net/v/20221105194046851
5,사회,'이태원 참사에 국가는 존재했나',https://v.daum.net/v/20221105194044850
5,사회,제주서 열린 '이태원 참사 촛불문화제',https://v.daum.net/v/20221105194041849
6,사회,'국민들이 죽어간다 이게 나라냐?',https://v.daum.net/v/20221105193029805
6,사회,촛불 든 시민들,https://v.daum.net/v/20221105193027804
6,사회,'이태원 참사 추모' 시청역 인근 도로 메운 시민들,https://v.daum.net/v/20221105193026803
6,사회,이태원 참사 희생자 추모 촛불집회,https://v.daum.net/v/20221105193024802
6,사회,'이태원 참사' 희생자 추모 촛불집회,https://v.daum.net/v/20221105193023800
6,사회,눈물로 추모하는 '이태원 참사',https://v.daum.net/v/20221105193021799
6,사회,이태원 참사 희생자 추모하며 눈물 보이는 시민,https://v.daum.net/v/20221105193019798
6,사회,도로 가득 메운 이태원 참사 추모 촛불,https://v.daum.net/v/20221105193018796
6,사회,서울시청 인근 도로 메운 이태원 참사 희생자 추모 촛불,https://v.daum.net/v/20221105193016795
6,사회,'이태원 참사 슬픔',https://v.daum.net/v/20221105193014794
6,사회,이태원 참사 희생자 추모하는 촛불,https://v.daum.net/v/20221105193011792
6,사회,이태원 참사 희생자 추모하는 촛불들,https://v.daum.net/v/20221105193008790
6,사회,도로 가득 메운 촛불,https://v.daum.net/v/20221105193006788
6,사회,이태원 참사 희생자 추모하며 촛불 든 시민들,https://v.daum.net/v/20221105193003786
6,사회,촛불 들고 희생자 추모하는 시민들,https://v.daum.net/v/20221105193000783
6,사회,이태원 참사 추모 촛불,https://v.daum.net/v/20221105192714775
6,사회,이태원 참사 애도하며 촛불 든 시민들,https://v.daum.net/v/20221105192712774
6,사회,이태원 참사 추모 촛불 집회,https://v.daum.net/v/20221105192709772
6,사회,'이태원 참사 희생자를 추모합니다',https://v.daum.net/v/20221105192707771
6,사회,이태원 참사를 애도하며,https://v.daum.net/v/20221105192704770
6,사회,이태원 참사 진상 규명 촉구 촛불 집회,https://v.daum.net/v/20221105185222497
6,사회,"이태원 참사, 진상 규명-책임자 처벌 촉구",https://v.daum.net/v/20221105185220496
7,사회,"검찰, ‘성남FC 후원금 의혹’ 정진상 측 외장 하드 압수 뒤 50일째 못 열어",https://v.daum.net/v/20221105194058856
7,사회,"검찰 “정진상측, 외장하드 비밀번호 제공 거부” …압수하고도 50일째 못열어",https://v.daum.net/v/20221105190901640
7,사회,정진상 '외장하드' 놓고 검찰 vs  민주당 진실공방… 민주당 반박에 檢 재반박,https://v.daum.net/v/20221105190604626
7,사회,'성남FC 의혹' 정진상 외장하드에 암호…압수 50일째 확인 못해,https://v.daum.net/v/20221105180701998
7,사회,"검찰 ""정진상 외장하드 비밀번호 해제 중...아들 노트북 입수 안해""",https://v.daum.net/v/20221105173156318
7,사회,"검찰 “정진상 외장하드 비밀번호 제공 거부, 子 노트북 압수 안 해”",https://v.daum.net/v/20221105172452206
7,사회,"압수한 성남FC 관련 정진상 외장하드...검찰, 50일째 못열어봐",https://v.daum.net/v/20221105171609057
7,사회,"검찰, 성남FC 관련 정진상 외장하드 압수하고도 50일째 못열어봐",https://v.daum.net/v/20221105170502845
7,사회,"검찰 ""정진상 외장하드 암호 해제 중…'아들 노트북'은 압수 안해""",https://v.daum.net/v/20221105165527676
7,사회,"검찰 ""정진상 외장하드 비번 해제 중…아들 노트북 압수 안 해""",https://v.daum.net/v/20221105165454650
8,사회,[Ms포토]이소미 '제주 바람에 강한 나',https://v.daum.net/v/20221105190044579
8,사회,[Ms포토]이채은 '제주 바람 이기는 강력한 티샷',https://v.daum.net/v/20221105190028569
8,사회,[Ms포토]임진희 '정타 날려 보낸다',https://v.daum.net/v/20221105180102909
8,사회,[Ms포토]김세은 '스트레칭 필수',https://v.daum.net/v/20221105180051901
8,사회,[Ms포토]유해란 '정성 가득한 인사',https://v.daum.net/v/20221105180048897
8,사회,[Ms포토]유해란 '똑바로 날린다',https://v.daum.net/v/20221105180045896
8,사회,[Ms포토]김세은 '강력하게 날리는 티샷',https://v.daum.net/v/20221105180043895
8,사회,[Ms포토]유해란-안선주-김세은 '각자 다른 포즈',https://v.daum.net/v/20221105180042893
9,사회,거리 가득 메운 추모 촛불,https://v.daum.net/v/20221105185827534
9,사회,거리 가득 메운 이태원 참사 추모촛불,https://v.daum.net/v/20221105185821532
9,사회,'눈물의 추모',https://v.daum.net/v/20221105185807528
9,사회,희생자 애도하며 흘리는 눈물,https://v.daum.net/v/20221105185806527
9,사회,'촛불과 눈물로 추모하는 이태원 참사 희생자',https://v.daum.net/v/20221105185758524
9,사회,많은 시민 참석한 이태원 참사 추모촛불집회,https://v.daum.net/v/20221105185133485
9,사회,이태원 참사 추모위해 열린 촛불집회,https://v.daum.net/v/20221105185129483
9,사회,눈물 흘리며 참사 희생자 추모하는 시민들,https://v.daum.net/v/20221105184613457
9,사회,추모 촛불 든 시민들,https://v.daum.net/v/20221105184609454
9,사회,이태원 참사 추모하며 촛불 든 시민들,https://v.daum.net/v/20221105184607453
9,사회,눈물 흘리는 추모촛불집회 참석자들,https://v.daum.net/v/20221105184603451
9,사회,'이태원 참사 희생자 추모촛불집회',https://v.daum.net/v/20221105183339349
9,사회,이태원 참사 희생자 추모촛불집회,https://v.daum.net/v/20221105183315343
9,사회,도로 가득 메운 이태원 참사 추모촛불,https://v.daum.net/v/20221105183313342
10,사회,내일 오전 'JTBC 서울마라톤'…여의도·광화문·잠실 교통통제,https://v.daum.net/v/20221105184611456
10,사회,"6일 서울 도로, 마라톤으로 교통통제...안전요원 2배 확충",https://v.daum.net/v/20221105165342591
10,사회,내일 'JTBC 서울마라톤'…오전 5시부터 대회구간 통제,https://v.daum.net/v/20221105163820386
10,사회,내일 오전 `JTBC 서울마라톤`…여의도·광화문·잠실 교통통제,https://v.daum.net/v/20221105162510215
10,사회,내일 아침부터 점심까지 여의도·광화문·잠실 교통통제...'JTBC 서울마라톤' 열려,https://v.daum.net/v/20221105155630754
10,사회,내일 아침 'JTBC 서울마라톤'…여의도·광화문·잠실 교통통제,https://v.daum.net/v/20221105155026686
10,사회,6일 '라이프플러스 JTBC 서울마라톤'…주요 도로변 교통통제,https://v.daum.net/v/20221105142814339
10,사회,"6일 서울 주요 도로, 마라톤으로 교통통제",https://v.daum.net/v/20221105142211246
11,사회,CJ그룹 이재현 회장 모친 손복남 고문 별세…향년 89세,https://v.daum.net/v/20221105183838396
11,사회,CJ 이재현 회장 모친 손복남 고문 별세… 향년 89세,https://v.daum.net/v/20221105162102164
11,사회,이재현 CJ 회장 모친 손복남 그룹 고문 별세,https://v.daum.net/v/20221105153243424
11,사회,이재현 CJ 회장 모친 손복남 그룹 고문 별세…향년 89세,https://v.daum.net/v/20221105142109236
11,사회,이재현 CJ그룹 회장 모친 손복남 고문 별세… 향년 89세,https://v.daum.net/v/20221105135716847
11,사회,[부고] CJ그룹 이재현 회장 모친 손복남 고문 별세,https://v.daum.net/v/20221105132926655
11,사회,[부음]CJ그룹 이재현 회장 모친상,https://v.daum.net/v/20221105132100572
12,사회,왕래없던 어머니 찾아가 흉기로 위협해 금품 빼앗은 20대 아들 검거,https://v.daum.net/v/20221105182655270
12,사회,"가출한 아들 또 불효…택배기사 위장해 母 흉기 협박, 금고 털었다",https://v.daum.net/v/20221105162647230
12,사회,어머니 흉기로 위협해 금품 빼앗아…20대 남성 체포,https://v.daum.net/v/20221105160722957
12,사회,어머니 흉기 위협해 금고 속 1500만원 강탈한 20대…긴급체포,https://v.daum.net/v/20221105160531923
12,사회,어머니 흉기로 위협해 현금 1500만 원 빼앗은 20대 아들 검거,https://v.daum.net/v/20221105154828656
12,사회,"왕래 없던 어머니 찾아가 흉기로 위협, 금품 빼앗은 20대 아들",https://v.daum.net/v/20221105154510602
12,사회,어머니 위협해 돈 빼앗은 20대 검거,https://v.daum.net/v/20221105154212571
12,사회,어머니 흉기 위협해 금품 빼앗은 20대 못난 아들 ‘긴급체포’,https://v.daum.net/v/20221105154028534
12,사회,어머니 집 침입해 금품 빼앗은 20대 아들 검거,https://v.daum.net/v/20221105152611340
12,사회,어머니 흉기로 위협해 금품 빼앗은 20대 아들 검거,https://v.daum.net/v/20221105151741189
13,사회,"복지부, 통합심리지원 정보 한 곳에… 이태원 압사 참사 부상자 치료 지원도 계속 [이태원 핼러윈 참사]",https://v.daum.net/v/20221105180107912
13,사회,"[이태원 참사] ‘트라우마 극복’ 통합심리지원 정보, 한곳에 모아 제공",https://v.daum.net/v/20221105154707629
13,사회,"정부, '이태원 참사 트라우마' 통합심리지원 서비스 한곳에 모은다",https://v.daum.net/v/20221105153053410
13,사회,‘이태원 참사’ 통합심리지원 정보 한곳에…부상자 치료 지원도 계속,https://v.daum.net/v/20221105151354113
13,사회,이태원 참사 국가애도기간 후에도 부상자 치료 지원 계속,https://v.daum.net/v/20221105150600938
13,사회,[이태원 참사] 통합심리지원 정보 한곳에…부상자 치료 지원도 계속,https://v.daum.net/v/20221105141145108
14,사회,용산서장 '이태원 참사' 현장 차 타고 가려다 50분 소요,https://v.daum.net/v/20221105175102705
14,사회,용산서장 이태원 참사 당일 차량 이동 고집‥50분 늦게 현장 도착,https://v.daum.net/v/20221105162212179
14,사회,"전 용산서장, 도보 10분 거리 관용차 이동 고수하다 현장 늦게 도착",https://v.daum.net/v/20221105161701109
14,사회,"[이태원 참사] 용산서장, 참사 발생 50분 지나 현장 도착…“차량 이동 고집”",https://v.daum.net/v/20221105161328068
14,사회,"용산서장 동선 공개...10분 거리 `차량이동` 고집, 50분 늦게 현장 도착",https://v.daum.net/v/20221105161209057
14,사회,"용산경찰서장, 참사 현장에 50분 '늑장도착' 이유 알고보니",https://v.daum.net/v/20221105155859772
14,사회,도보 10분 거리를…관용차 이동 고집하다 1시간 걸려 참사 현장 도착한 용산서장,https://v.daum.net/v/20221105154808648
14,사회,"이태원 참사 당일 용산서장, 차량 이동 고집하다 현장 늦게 도착",https://v.daum.net/v/20221105154432591
14,사회,"[이태원 참사] 용산서장, '차량이동' 고집해 현장 50분 늦게 도착(종합)",https://v.daum.net/v/20221105153912517
14,사회,"용산서장, ‘차량 이동’ 고집…도보 10분 거리 55분 걸려 도착[이태원 핼러윈 참사]",https://v.daum.net/v/20221105152625345
14,사회,'차량 이동' 고집해 현장 50분 늦게 도착한 용산서장…보고서 허위 작성 의혹도,https://v.daum.net/v/20221105152057240
14,사회,"용산서장, 녹사평역까지 가놓고…'차량이동' 고집에 50분 소요",https://v.daum.net/v/20221105151401116
14,사회,"용산경찰서장, '이태원 참사' 당시 관용차 타고 오다 1시간 넘게 늦어",https://v.daum.net/v/20221105151341109
14,사회,"당시 용산서장, 차량 이동 고집…50분 늦게 현장 도착[이태원 참사]",https://v.daum.net/v/20221105150808973
14,사회,"[이태원 참사] 도보 10분 거리에도 ‘차량이동’ 고집한 용산서장, 현장까지 50분 넘게 소요",https://v.daum.net/v/20221105150130872
14,사회,"前용산서장, 교통 체증에 차량 우회진입 시도만 55분",https://v.daum.net/v/20221105145542768
14,사회,이태원 참사 당일 용산경찰서장이 50분 늦게 도착한 이유는,https://v.daum.net/v/20221105145400749
14,사회,"[이태원 참사] 용산서장, '차량이동' 고집해 현장 50분 늦게 도착",https://v.daum.net/v/20221105144620619
15,사회,"생환 간부들, ‘당장 하고 싶은 거’ 묻자…“소주 한잔부터”",https://v.daum.net/v/20221105171510031
15,사회,“광부들 수일내 퇴원 가능…3~4일만 구조 늦었으면 어려웠을것”,https://v.daum.net/v/20221105170810882
15,사회,"화약 발파, 커피믹스까지…생환 광부 ""희망 놓지 않았다""",https://v.daum.net/v/20221105164502485
15,사회,"""밥 한 그릇에 소주 한잔""...`기적의 생환` 봉화 광부, 하고 싶은 일 뭐냔 물음에",https://v.daum.net/v/20221105163709358
15,사회,“부모님 산소 찾아뵙고 싶다”…기적의 생환 광부의 ‘한마디’,https://v.daum.net/v/20221105151702180
15,사회,‘뭘하고 싶냐’ 질문에 ‘기적의 생환’ 광부가 던진 한 마디…,https://v.daum.net/v/20221105145100716
15,사회,‘생환 광부’ 주치의 “회복 속도 빨라…수일 내 퇴원 가능”,https://v.daum.net/v/20221105144742637
15,사회,"광부 주치의 ""수일 내 퇴원 가능""…""커피믹스 30봉지로 버텨""",https://v.daum.net/v/20221105144402574
15,사회,기적의 생존 광부 “밥 한 그릇에 소주 한잔 하고 싶어”,https://v.daum.net/v/20221105142522290
15,사회,"기적의 생환 광부 ""밥 한 그릇에 소주 한잔 하고 싶어""",https://v.daum.net/v/20221105142220249
15,사회,광산 사고 생환 광부 주치의 “수일 내 퇴원 예상”,https://v.daum.net/v/20221105140812040
15,사회,“믹스커피 30봉지 3일 만에 다 먹고 지하수로 버텼다”,https://v.daum.net/v/20221105140612012
15,사회,"정부, 광산 사고 재발 방지 위해 350곳 대상 안전 점검",https://v.daum.net/v/20221105140150941
15,사회,"커피믹스 30봉지로 버틴 기적의 광부들…""며칠안 퇴원가능""",https://v.daum.net/v/20221105135804854
15,사회,"기적의 생환 광부, 뭘 하고 싶냔 물음에…""소주 한잔 하고 싶다""",https://v.daum.net/v/20221105135121802
15,사회,"'기적 생환' 주치의 ""커피믹스 30봉지로 버틴 듯…회복 빨라""",https://v.daum.net/v/20221105134800777
15,사회,"극적 생환 광부 주치의 ""수일 내 퇴원 가능""",https://v.daum.net/v/20221105133110675
15,사회,“커피믹스를 밥처럼”...극적 생환 광부에 주치의 “수일 내 퇴원”,https://v.daum.net/v/20221105132700626
15,사회,"광부 주치의 ""커피믹스 30봉지로 버텼다…수일 내 퇴원 가능""",https://v.daum.net/v/20221105132100573
15,사회,"""커피믹스 30봉지로 버텨""…광부 주치의 ""수일 내 퇴원 가능""",https://v.daum.net/v/20221105130559358
15,사회,"2인 병실서 함께 있는 구조 광부들…""잠 편히 잤고 낮에 가벼운 음식도 가능""",https://v.daum.net/v/20221105115034650
15,사회,"기적의 봉화 광부 ""콜라와 미역국 먹고 싶다""…주치의 배정·추가 검사",https://v.daum.net/v/20221105112237323
15,사회,‘기적의 생환’ 경북 봉화 광부 어떻게 221시간 버텼나,https://v.daum.net/v/20221105112109299
15,사회,작업장소서 30m 떨어진 원형 공간에 대피…봉화 ‘기적의 생환’,https://v.daum.net/v/20221105111433202
15,사회,"구조 광부, 2인병실서 함께…""낮부터 가벼운 음식 가능""",https://v.daum.net/v/20221105110600110
15,사회,221시간 만에 '기적의 생환'...작업장소서 30m 떨어진 곳에서 구조,https://v.daum.net/v/20221105105405934
15,사회,광산사고 생환 광부 2명 외상 없어… “영양 보충 중”,https://v.daum.net/v/20221105104638876
15,사회,"'기적의 생환' 봉화 매몰 광부, 서로 어깨 맞대고 체온 유지",https://v.daum.net/v/20221105104015812
15,사회,작업장소서 30m 떨어진 원형공간에 대피..서로 어깨 맞대고 체온 유지,https://v.daum.net/v/20221105103801787
16,사회,북한산 족두리봉 인근 산불 1시간반 만에 잡혀(종합),https://v.daum.net/v/20221105180031887
16,사회,"북한산 족두리봉 '원인미상' 산불…""등산객 대피·접근 자제""",https://v.daum.net/v/20221105170405830
16,사회,북한산 족두리봉 철탑 인근 화재…소방당국 진화 중,https://v.daum.net/v/20221105163901397
16,사회,북한산 족두리봉 인근서 화재발생…소방당국 진화 나서,https://v.daum.net/v/20221105163715360
16,사회,북한산 족두리봉 인근서 산불…소방당국 진화 중,https://v.daum.net/v/20221105163012285
16,사회,북한산 족두리봉 인근 산불,https://v.daum.net/v/20221105162810253
16,사회,"서울 북한산서 산불…“등산객, 화재지역 접근 자제해달라”",https://v.daum.net/v/20221105161207056
16,사회,북한산 족두리봉 산불 진화 완료…“인명 피해 없어”,https://v.daum.net/v/20221105160502918
16,사회,북한산 족두리봉 인근 산불…소방당국 진화 중,https://v.daum.net/v/20221105154543611
16,사회,"서울 북한산서 산불… ""족두리봉서 화재, 근처 접근 자제""",https://v.daum.net/v/20221105154117546
16,사회,"북한산 족두리봉서 산불…""등산객 대피·화재 지역 접근 자제""",https://v.daum.net/v/20221105151509141
17,사회,추모공간 찾아 눈물 흘리는 외국인,https://v.daum.net/v/20221105161937142
17,사회,딸과 함께 추모공간 찾아 눈물 흘리는 시민,https://v.daum.net/v/20221105160213890
17,사회,'많이 많이 미안하다',https://v.daum.net/v/20221105160205888
17,사회,추모공간 찾은 외국인 '흐르는 눈물',https://v.daum.net/v/20221105160201885
17,사회,추모의 물결,https://v.daum.net/v/20221105160151882
17,사회,딸과 함께 추모하는 시민,https://v.daum.net/v/20221105160145880
17,사회,딸과 함께 추모공간 찾은 시민 '눈물이 왈칵',https://v.daum.net/v/20221105160136876
17,사회,애도 이어지는 이태원,https://v.daum.net/v/20221105141253140
17,사회,추모하는 시민들로 붐비는 이태원,https://v.daum.net/v/20221105141245136
17,사회,시민과 외국인 애도 이어지는 추모공간,https://v.daum.net/v/20221105141243135
17,사회,추모공간에서 눈물 흘리는 시민과 외국인들,https://v.daum.net/v/20221105141241134
17,사회,헌화하는 외국인,https://v.daum.net/v/20221105141239133
17,사회,외국인 추모 이어지는 이태원,https://v.daum.net/v/20221105141238131
17,사회,눈물 흘리는 외국인,https://v.daum.net/v/20221105141233130
17,사회,이태원 참사 '멈추지 않는 눈물',https://v.daum.net/v/20221105141216117
17,사회,추모행렬 이어지는 이태원,https://v.daum.net/v/20221105141117104
17,사회,이태원 찾아 추모하는 시민들,https://v.daum.net/v/20221105141050099
17,사회,추모공간에 수북히 쌓인 국화,https://v.daum.net/v/20221105141033091
17,사회,추모의글 가득한 이태원,https://v.daum.net/v/20221105141026086
17,사회,"'젊은 청년들이여, 부디 좋은곳으로'",https://v.daum.net/v/20221105141008078
17,사회,토요일 맞이해 많은 추모객 찾은 추모공간,https://v.daum.net/v/20221105141005075
17,사회,시민들 추모 이어지는 이태원,https://v.daum.net/v/20221105140937071
17,사회,휴일에도 애도 이어지는 이태원,https://v.daum.net/v/20221105140929068
17,사회,휴일에도 시민들 애도 이어지는 이태원 추모공간,https://v.daum.net/v/20221105140925067
17,사회,추모 이어지는 이태원 추모공간,https://v.daum.net/v/20221105140915066
18,사회,시청 합동분향소에서 조의 표하는 시민들 [포토],https://v.daum.net/v/20221105200602056
18,사회,'국가애도기간 마지막날'...늦은 시간 합동분향소 찾은 시민들 [TF사진관],https://v.daum.net/v/20221105200104006
18,사회,이태원 사고 추모행진하는 청년단체 [포토],https://v.daum.net/v/20221105161643107
18,사회,'이태원 참사 정부 책임 요구'하며 행진하는 청년단체 [TF사진관],https://v.daum.net/v/20221105161633106
18,사회,'이태원 사고 당시 국가는 없었다' [포토],https://v.daum.net/v/20221105161553096
18,사회,'국가애도기간 마지막날' 이어지는 이태원 추모 행렬 [TF사진관],https://v.daum.net/v/20221105160455915
18,사회,'슬픔에 잠긴 이태원' [포토],https://v.daum.net/v/20221105160433911
18,사회,'이태원역에서 눈물 흘리는 외국인' [포토],https://v.daum.net/v/20221105160413909
18,사회,희생자 추모하는 외국인 [포토],https://v.daum.net/v/20221105160353904
18,사회,이태원 사고 현장에 놓여진 조화와 추모물품 [포토],https://v.daum.net/v/20221105160333900
19,사회,충남 서산 앞바다 규모 2.5 지진…일부 지역 흔들림,https://v.daum.net/v/20221105154130550
19,사회,충남 서산 서서북쭉 해역에서 규모 2.5 지진 발생,https://v.daum.net/v/20221105153707479
19,사회,충남 서산 인근 해역서 지진 발생 '규모 2.5',https://v.daum.net/v/20221105153143417
19,사회,충남 서산 인근 해역서 규모 2.5 지진…올들어 66번째,https://v.daum.net/v/20221105151520143
19,사회,충남 서산 북북서쪽 해상서 2.5 지진…“지진동 느낄 수 있어”,https://v.daum.net/v/20221105143311413
19,사회,올해만 66번째… 충남 서산 인근 바다서 규모 2.5 지진 발생,https://v.daum.net/v/20221105143144389
19,사회,올해만 벌써 '66번째'...충남 서산서 규모 2.5 지진 발생,https://v.daum.net/v/20221105142218248
19,사회,"기상청 ""충남 서산 북북서쪽 인근 바다서 규모 2.5 지진""",https://v.daum.net/v/20221105141500166
19,사회,"서산 부근 해역서 규모 2.5 지진…""정지 차량 약간 흔들리는 위력""(상보)",https://v.daum.net/v/20221105140332966
19,사회,충남 서산시 부근 해역서 규모 2.5 지진,https://v.daum.net/v/20221105135603835
19,사회,"충남 서산시 부근 해역서 규모 2.5 지진 발생…""안전 유의""",https://v.daum.net/v/20221105135301810
19,사회,"기상청 ""충남 서산 인근 바다서 규모 2.5 지진""",https://v.daum.net/v/20221105134002730
19,사회,충남 서산 북북서쪽 인근 해역서 규모 2.5 지진,https://v.daum.net/v/20221105133922725
19,사회,충남 서산 북북서쪽 인근 바다서 규모 2.5 지진 발생,https://v.daum.net/v/20221105133334689
19,사회,충남 서산시 부근 해역에서 규모 2.5 지진,https://v.daum.net/v/20221105132935658
19,사회,"기상청 ""충남 서산 북북서쪽 인근 바다서 규모 2.5 지진 발생""",https://v.daum.net/v/20221105132526604
20,사회,밤 10시 15분 최초 119 신고라더니···“이전에 1건 더 있었다”,https://v.daum.net/v/20221105142110237
20,사회,"[이태원 참사] “당일 현장 신고, 오후 10시15분 이전 1건 더”",https://v.daum.net/v/20221105141707187
20,사회,"참사 당일 119 첫 신고, 밤 10시15분 아니었다···“이전에 1건 더 있었다”[이태원 핼러윈 참사]",https://v.daum.net/v/20221105135819858
20,사회,"'이태원 참사' 당일 119신고, 10시15분 이전 17건이나 있었다",https://v.daum.net/v/20221105134252749
20,사회,[이태원 참사] ‘10시15분’ 전에 119신고 1건 더 있었다,https://v.daum.net/v/20221105132039569
20,사회,"""참사 당시 오후 10시 15분 전에도 이태원서 119 신고있었다""",https://v.daum.net/v/20221105130816404
20,사회,"'이태원 참사' 첫 119 신고, 밤 10시15분 전에도 '1건' 있었다",https://v.daum.net/v/20221105130601359
20,사회,"[이태원 참사] ""참사당일 119신고, 10시15분 전에 1건 더 있었다""(종합)",https://v.daum.net/v/20221105130547355
20,사회,밤10시15분 첫 119신고라더니…이태원 신고 이전에도 있었다,https://v.daum.net/v/20221105125814277
20,사회,"소방당국 ""이태원 현장 119 신고, 밤 10시15분 이전에도 1건""",https://v.daum.net/v/20221105123017120
21,사회,참사현장에 놓인 국화,https://v.daum.net/v/20221105141251138
21,사회,참사현장 찾아 추모하는 시민,https://v.daum.net/v/20221105141247137
21,사회,통제되는 참사현장,https://v.daum.net/v/20221105141039094
21,사회,통제 계속되는 참사 현장,https://v.daum.net/v/20221105141032090
21,사회,참사현장에 이어지는 추모,https://v.daum.net/v/20221105140947073
21,사회,국화 놓인 참사현장,https://v.daum.net/v/20221105140941072
22,사회,"기적의 생환, 쏟아지는 관심",https://v.daum.net/v/20221105134158739
22,사회,"기적의 생환 ""광부 2명 회복 속도 빠르다""",https://v.daum.net/v/20221105134155738
22,사회,이철우 경북도지사 '기적의 생환',https://v.daum.net/v/20221105133537703
22,사회,이철우 경북도지사 '축하와 격려',https://v.daum.net/v/20221105133535702
22,사회,생환자 가족 만난 이철우 경북도지사,https://v.daum.net/v/20221105132656625
22,사회,"이철우 경북도지사 ""내 손녀 같구나!""",https://v.daum.net/v/20221105132655624
22,사회,생환자 가족 격려하는 이철우 경북도지사,https://v.daum.net/v/20221105132653623
22,사회,"이철우 경북도지사 ""생환을 축하합니다""",https://v.daum.net/v/20221105132650622
22,사회,221시간 생환자 건강 상태 설명하는 안동병원 주치의,https://v.daum.net/v/20221105130724393
22,사회,생환자 만나고 온 이철우 도지사,https://v.daum.net/v/20221105130715387
22,사회,생환자 만나고 온 박일준 산자부 2차관,https://v.daum.net/v/20221105130707383
23,사회,"""제발 돌아가세요"" 이태원서 목 터져라 외친 그 경찰, 또 오열",https://v.daum.net/v/20221105174022454
23,사회,"눈물 쏟은 이태원 목쉰 경찰관 ""면목없고 죄송한 마음뿐""",https://v.daum.net/v/20221105154501593
23,사회,"“면목 없고 죄송” 이태원서 목 쉰 그 경찰관, 또 오열했다",https://v.daum.net/v/20221105132304588
23,사회,"""죄송하다"" 이태원서 땀범벅에 목쉰 그 경찰, 또 오열했다",https://v.daum.net/v/20221105113242475
23,사회,"“제발 돌아가라” 이태원에서 목 터져라 외친 경찰관, BBC서 오열",https://v.daum.net/v/20221105104801887
23,사회,"김백겸 경사 BBC 인터뷰서 오열…""경찰관 소명 다하지 못했다""",https://v.daum.net/v/20221105104028815
24,사회,‘봉화 광부 생환’에 관계부처 장관들 “무사히 돌아오셔서 감사”,https://v.daum.net/v/20221105172608229
24,사회,"광산 매몰사고 '극적 생환'… 노동부 장관 ""치료·회복 적극 지원""",https://v.daum.net/v/20221105145316743
24,사회,"이정식 고용부 장관, '봉화 광부' 극적 구조에 ""잠 못 이뤄, 안전 관리에 만전""",https://v.daum.net/v/20221105131614512
24,사회,"이정식 고용장관, 살아 돌아온 광부에 ""산재 보상서비스 안내·치료""",https://v.daum.net/v/20221105122205030
24,사회,"노동장관, 광부 생환에 ""산업재해 보상서비스 안내·치료 지원""",https://v.daum.net/v/20221105121502942
24,사회,"이정식 고용장관, 광부 생환에 “돌아오셔서 감사…치료 지원할것”",https://v.daum.net/v/20221105120105797
25,사회,깜깜한 도로서 네 발로 기어가던 노인…결국 피하지 못 했다,https://v.daum.net/v/20221105180502965
25,사회,"""깜깜한 새벽, 도로 기어서 무단횡단하던 노인과 사고 났습니다"" (영상)",https://v.daum.net/v/20221105173126314
25,사회,"[영상] ""심장 멈출 뻔""…네 발로 3차선 무단횡단한 노인",https://v.daum.net/v/20221105172537217
25,사회,“우악 이게 뭐야”...깜깜한 새벽 3차선서 ‘네 발’로 기어간 노인,https://v.daum.net/v/20221105152100242
25,사회,"네 발로 엉금엉금...깜깜한 새벽, 운전자 경악케한 노인의 행동",https://v.daum.net/v/20221105141919216
25,사회,(영상)새벽에 3차선 기어간 노인 친 운전자 과실은?,https://v.daum.net/v/20221105115514693
26,사회,경찰 '봉화 광산사고' 본격 수사 착수…전담수사팀 편성,https://v.daum.net/v/20221105120602849
26,사회,경찰 '봉화 광산사고' 원인 규명 수사 나서…전단수사팀 편성,https://v.daum.net/v/20221105120403833
26,사회,"‘매몰 광부’ 생환했지만…경찰, ‘봉화 광산사고’ 본격 수사 착수",https://v.daum.net/v/20221105115404683
26,사회,"경찰 ‘봉화 광산사고’ 전담수사팀 편성, 본격 수사 착수",https://v.daum.net/v/20221105115221664
26,사회,"'봉화 광산사고' 본격 수사 착수한 경찰, 전담수사팀 편성",https://v.daum.net/v/20221105111500206
26,사회,"경찰 ""봉화 광산매몰 사고 수사 착수""",https://v.daum.net/v/20221105110416082
27,사회,"윤영돈 봉화경찰서장, 광산 매몰자 구조상황 브리핑",https://v.daum.net/v/20221105104502857
27,사회,봉화 광산 매몰자 구출 설명하는 봉화소방서장,https://v.daum.net/v/20221105104459853
27,사회,봉화광산 매몰자 구조상황 브리핑하는 봉화소방서장,https://v.daum.net/v/20221105104456852
27,사회,봉화 광산 구조상황 브리핑하는 방장석 팀장,https://v.daum.net/v/20221105104453850
27,사회,"봉화 광산업체 이상권 부소장, 구조상황 브리핑",https://v.daum.net/v/20221105104443848
27,사회,"방장석 팀장, 봉화광산 매몰사고 구조상황 브리핑",https://v.daum.net/v/20221105104442847
27,사회,"이상권 봉화 광산업체 부소장, 구조 상황 브리핑",https://v.daum.net/v/20221105104438846
27,사회,'봉화 광산 매몰사고' 구조상황 브리핑하는 이상권 광산업체 부소장,https://v.daum.net/v/20221105104424843
27,사회,봉화광산 매몰자 구조상황 브리핑하는 방장석 팀장,https://v.daum.net/v/20221105104422842
27,사회,'매몰사고' 봉화 광산서 고립자들 구조한 방장석 팀장,https://v.daum.net/v/20221105104418841
